{"0": 1.025351336456324, "1": 0.9758720167846839}